Platform,Date,Title,Genre,Company,Metascore,Userscore,Summary
PlayStation 5,"Feb 25, 2022",Elden Ring,"['Action RPG', 'Role-Playing']",Bandai Namco Games,96,7.9,"A New World Created By Hidetaka Miyazaki And George R. R. Martin. ELDEN RING, developed by FromSoftware, Inc. and BANDAI NAMCO Entertainment Inc., is a fantasy action-RPG adventure set within a world created by Hidetaka Miyazaki creator of the influential DARK SOULS video game series; and George R.R. Martin author of The New York Times best-selling fantasy series, A Song of Ice and Fire. Danger and discovery lurk around every corner in FromSoftware's largest game to-date.  Hidetaka Miyazaki, President and Game Director of FromSoftware Inc. Known for directing critically-acclaimed games in beloved franchises including Armored Core, Dark Souls, and Sekiro: Shadows Die Twice.  George R.R. Martin is the #1 New York Times bestselling author of many novels, including the acclaimed series A Song of Ice and Fire - A Game of Thrones, A Clash of Kings, A Storm of Swords, A Feast For Crows, and A Dance with Dragons. As a writer-producer, he has worked on The Twilight Zone, Beauty and the Beast, and various feature films and pilots that were never made."
PlayStation 5,"Nov 11, 2020",Demon's Souls,"['Action RPG', 'Role-Playing']",Sony Interactive Entertainment,92,8.0,"From PlayStation Studios and Bluepoint Games comes a remake of the PlayStation classic, Demon’s Souls. Entirely rebuilt from the ground up and masterfully enhanced, this remake introduces the horrors of a fog-laden, dark fantasy land to a whole new generation of gamers. Those who’ve faced its trials and tribulations before, can once again challenge the darkness in stunning visual quality and incredible performance. In his quest for power, the 12th King of Boletaria, King Allant channelled the ancient Soul Arts, awakening a demon from the dawn of time itself, The Old One. With the summoning of The Old One, a colorless fog swept across the land, unleashing nightmarish creatures that hungered for human souls. Those whose souls were stripped from them, lost their minds – left only with the desire to attack the sane that remained. Now, Boletaria is cut off from the outside world, and the knights who dare penetrate the deep fog to free the land from its plight, are never seen again. As a lone warrior who has braved the baneful fog, you must face the hardest of challenges to earn the title “Slayer of Demons” and send The Old One back to its slumber."
PlayStation 5,"Mar 26, 2021",Tony Hawk's Pro Skater 1 + 2,"['Individual', 'Skate / Skateboard', 'Sports']",Activision,90,7.2,"Drop back in with the most iconic skateboarding games ever made. Play Tony Hawk's Pro Skater & Tony Hawk's Pro Skater 2 in one epic collection, rebuilt from the ground up in incredible HD. All the pro skaters, levels and tricks are back and fully-remastered, plus more."
PlayStation 5,"Jun 10, 2021",Final Fantasy VII Remake Intergrade,"['Action RPG', 'Role-Playing']",Square Enix,89,8.3,"FINAL FANTASY VII REMAKE expands upon and reimagines the spectacular world of the original PlayStation game. It covers up through the escape from Midgar and is the first game in the FINAL FANTASY VII REMAKE project. INTERGRADE is a bundle that includes both REMAKE and the new episode featuring Yuffie. In her episode, play as the spirited ninja after she arrives in Midgar. There, she and another Wutaian operative are to rendezvous with Avalanche HQ, infiltrate the Shinra Building, and steal the conglomerate's most powerful materia. FINAL FANTASY VII REMAKE INTERGRADE takes advantage of the latest generation hardware and includes a wealth of graphical, gameplay and system enhancements for the PS5: "
PlayStation 5,"Mar 30, 2021",Disco Elysium: The Final Cut,"['General', 'Role-Playing', 'Western-Style']",ZA/UM,89,7.8,"Disco Elysium is about a detective who wakes up in a rundown coastal district with a banging headache and only a few dregs of memory left. You set out to discover what happened to him inside the unique world we have created. We’ve thrown together disco music, early motor carriages, and post-revolutionary angst for our setting, and brought it all to life with actual oil paintings."
PlayStation 5,"Nov 12, 2020",Devil May Cry 5: Special Edition,"['Action Adventure', 'General']",Capcom,89,8.3,"Devil May Cry is back. The legendary stylish action game is better than ever in the ultimate version of this multi-award winning hit."
PlayStation 5,"Jun 11, 2021",Ratchet & Clank: Rift Apart,"['3D', 'Action', 'Platformer']",PlayStation Studios,88,8.5,"Ratchet & Clank: Rift Apart is an intergalactic adventure from Insomniac Games that showcases what’s possible for games designed around PS5’s  SSD and DualSense wireless controller. Players seamlessly travel through different dimensions in mid-gameplay. The DualSense wireless controller brings combat to life, with haptic feedback and the adaptive triggers adding powerful sensations that increase immersion in combat."
PlayStation 5,"Mar 26, 2021",It Takes Two,"['Action Adventure', 'Linear']",Electronic Arts,88,9.1,"From Hazelight comes It Takes Two an innovative co-op adventure where uniquely varied gameplay and emotional storytelling intertwine in a fantastical journey. Founded to push the creative boundaries of what's possible in games, Hazelight is the award-winning studio behind the critically acclaimed A Way Out and Brothers: A Tale of Two Sons."
PlayStation 5,"Sep 14, 2021",Deathloop,"['Action', 'Arcade', 'First-Person', 'Shooter']",Bethesda Softworks,88,6.5,"If at first you don't succeed Die, Die Again. From the team at Arkane Lyon comes an innovative take on first-person action. ""DEATHLOOP"" transports players to the lawless island of Blackreef in an eternal struggle between two extraordinary assassins. Explore stunning environments and meticulously designed levels in an immersive gameplay experience that lets you approach every situation any way you like. Hunt down targets all over the island in an effort to put an end to the cycle once and for all, and remember, if at first you don't succeed die, die again."
PlayStation 5,"Feb 18, 2022",Horizon Forbidden West,"['Action Adventure', 'Action RPG', 'Open-World', 'Role-Playing']",PlayStation Studios,88,8.0,"Join Aloy as she braves the Forbidden West – a majestic but dangerous frontier that conceals mysterious new threats. Explore distant lands, fight bigger and more awe-inspiring machines, and encounter astonishing new tribes as you return to the far-future, post-apocalyptic world of Horizon. The land is dying. Vicious storms and an unstoppable blight ravage the scattered remnants of humanity, while fearsome new machines prowl their borders. Life on Earth is hurtling towards another extinction, and no one knows why. It's up to Aloy to uncover the secrets behind these threats and restore order and balance to the world. Along the way, she must reunite with old friends, forge alliances with warring new factions and unravel the legacy of the ancient past – all the while trying to stay one step ahead of a seemingly undefeatable new enemy."
PlayStation 5,"Feb 22, 2022",Destiny 2: The Witch Queen,"['Action', 'Arcade', 'First-Person', 'Shooter']",Bungie,88,8.2,"The Definitive Destiny Campaign. Delve into Savathûn’s Throne World to uncover the mystery of how she and her Lucent Hive stole the Light. Learn the secrets to crafting new weapons, the new Glaive, and survive the truth within her web of lies. New Destination. A twisted wonderland of corruption and splendor, Savathûn’s Throne World plays host to a fragile balance of power. From her palace to the swamp, all that she hides can be found here. Weapon Crafting. Create custom weaponry with unique mod, shader, and stat combinations. Master the new Glaive weapon type and unleash powerful melee combos, projectile attacks, and a deployable energy shield. "
PlayStation 5,"Nov 17, 2020",Mortal Kombat 11 Ultimate,"['2D', 'Action', 'Fighting']",Warner Bros. Interactive Entertainment,88,7.3,"Experience 2 robust and critically acclaimed story campaigns from Mk11 & Mk11: aftermath. Play as the complete 37-character roster including newly added fighters mileena, RaiN & rambo. Thousands of Skins & weapons & Gear for an unprecedented level of Fighter customization. Includes all previous guest fighters such as Terminator Joker spawn & robocop. Every mode included."
PlayStation 5,"Aug 20, 2021",Ghost of Tsushima: Director's Cut,"['Action Adventure', 'Open-World']",SCEE,87,7.1,"Ghost of Tsushima Director's Cut includes: Ghost of Tsushima full game; Iki Island expansion: New story, mini-games, enemy types and more*; Legends online co-op mode; Downloadable content: Digital mini art book, Director's commentary, One Technique Point, Charm of Hachiman's Favor, Hero of Tsushima Skin Set. PS5 Features: Dynamic 4K resolution targeting 60fps (requires compatible 4K TV or display). DualSense™ wireless controller haptic feedback and adaptive trigger resistance. 3D Audio (with analog or USB stereo headphones). Lip sync for Japanese voiceover. Ability to transfer PS4 saved progress to PS5 game."
PlayStation 5,"Mar  4, 2022",Gran Turismo 7,"['Automobile', 'Racing', 'Simulation']",PlayStation Studios,87,2.0,"From classic vehicles and tracks to the reintroduction of the legendary GT Simulation Mode – GT 7 brings together the best features from past installments of the series alongside the future. An even more realistic driving experience awaits thanks to haptic feedback, which brings to life what it’s like when the tires hit the road. PS5’s immersive 3D audio allows players to sense the position of other cars and drivers around them."
PlayStation 5,"Jun  8, 2021",Guilty Gear -Strive-,"['2D', 'Action', 'Fighting']",Arc System Works,87,8.2,"“Guilty Gear -Strive-“ is the latest entry in the Guilty Gear fighting game franchise. Created by Daisuke Ishiwatari and developed by Arc System Works, “Guilty Gear -Strive-“ upholds the series’ reputation for groundbreaking hybrid 2D/3D cell-shaded graphics and intense, rewarding gameplay. There is a fully voiced story mode diving deep into the Guilty Gear universe, new characters joining fan favorites, and robust rollback net code. The cutting-edge 2D/3D hybrid graphics pioneered in the Guilty Gear series have been raised to the next level in “Guilty Gear -Strive-“. The new artistic direction and improve character animations will go beyond anything you’ve seen before in a fighting game!"
PlayStation 5,"Sep 10, 2021",Tales of Arise,"['Japanese-Style', 'Role-Playing']",Bandai Namco Games,87,8.8,"Challenge the Fate That Binds You. On the planet Dahna, reverence has always been given to Rena, the planet in the sky, as a land of the righteous and divine. Stories handed down for generations became truth and masked reality for the people of Dahna. For 300 years, Rena has ruled over Dahna, pillaging the planet of its resources and stripping people of their dignity and freedom."
PlayStation 5,"Mar 12, 2021",Crash Bandicoot 4: It's About Time,"['3D', 'Action', 'Platformer']",Activision,86,7.9,"It's About Time - for a brand-wumping new Crash Bandicoot game! Crash fourward into a time shattered adventure with your favorite marsupials. Neo Cortex and N. Tropy are back at it again and launching an all-out assault on not just this universe, but the entire multiverse! Crash and Coco are here to save the day by reuniting the four Quantum Masks and bending the rules of reality. New abilities? Check. More playable characters? Yep. Alternate dimensions? Obviously. Ridonkulous bosses? For sure. Same awesome sauce? You bet your sweet jorts. Wait, are they actually jorts? Not in this universe!"
PlayStation 5,"Mar  2, 2021",Yakuza: Like a Dragon,"['Japanese-Style', 'Role-Playing']",Sega,86,8.2,"RISE FROM ROCK BOTTOM - Ichiban Kasuga, a low-ranking grunt of a low-ranking yakuza family in Tokyo, faces an 18-year prison sentence after taking the fall for a crime he didn't commit. Never losing faith, he loyally serves his time and returns to society to discover that no one was waiting for him on the outside, and his clan has been destroyed by the man he respected most."
PlayStation 5,"Apr 30, 2021",Returnal,"['Action', 'Arcade', 'Shooter', 'Third-Person']",PlayStation Studios,86,7.3,"Returnal transforms roguelike gameplay into a third-person shooter where players fight to survive a hostile planet that changes with every death. Players can switch instinctively between firing modes by using a single adaptive trigger and can get right back into the action after dying. PS5’s immersive 3D audio brings the alien world to life around the player, helping players navigate the intense positional combat."
PlayStation 5,"Apr 23, 2021",Chivalry 2,"['3D', 'Action', ""Beat-'Em-Up""]",Deep Silver,85,6.0,"Chivalry 2 is a multiplayer first person slasher inspired by epic medieval movie battles. Players are thrust into the action of every iconic moment of the era - from the thunder of cavalry charges, to storms of flaming arrows, sprawling castle sieges and more. Catapults tear the earth apart as players lay siege to castles, set fire to villages and slaughter filthy peasants in the return of grand Team Objective maps. Ride to war on horseback and claim glory by your blade. Are ye a heroic warrior, or a blood-soaked murderer? Keep fighting and gurgling out battlecries even when wounded, bleeding out and missing limbs.  Enhanced player expression brings thousands of hilarious new voice-lines and deep character customization. A revamped, faster and more fluid combat system offers an expanded range of creative choices, allowing players to perfect their playstyle. Immersive sound and effects ensure every blow lands with the sickening thud of steel sinking into bone."
PlayStation 5,"Nov 12, 2020",Marvel's Spider-Man: Miles Morales,"['Action Adventure', 'Open-World']",PlayStation Studios,85,7.7,"The latest adventure in the Spider-Man universe builds on and expand Marvel’s Spider-Man through an all-new story. Players experience the rise of Miles Morales as he masters new powers to become his own Spider-Man. With PS5’s SSD, players can near-instantaneously fast-travel across Marvel’s New York City, or feel the tension of each one of Miles’s web-swings, punches, web shots, and venom blasts with the DualSense wireless controller’s haptic feedback. Highly-detailed character models and enhanced visuals across the game intensify the story of Miles Morales as he faces great, new challenges while learning to be his own Spider-Man."
PlayStation 5,"Feb  2, 2021",Control: Ultimate Edition,"['Action Adventure', 'General']",505 Games,85,7.8,"After a secretive agency in New York is invaded by an otherworldly threat, you become the new Director struggling to regain Control. This supernatural third-person action-adventure game will challenge you to master a combination of supernatural abilities, modifiable loadouts and reactive environments, while fighting through a deep and unpredictable world."
PlayStation 5,"Nov 26, 2020",Warframe,"['Action', 'Arcade', 'Shooter', 'Third-Person']",Digital Extremes,85,7.4,"Set in the far reaches of outer space during a new Dark Age, WARFRAME introduces the Tenno, a race on the brink of extinction after being enslaved by the Grineer for centuries. Players enter WARFRAME on the cusp of the Grineer's victory over the Tenno until they begin to arm themselves with WARFRAMES - an ancient exo-skeletal technology only they can operate. Hidden within the Orokin Derelicts of a lost civilization, new WARFRAMES lie dormant and undiscovered.  These artifacts are the Tenno's only hope for survival."
PlayStation 5,"Sep 24, 2021",Death Stranding: Director's Cut,"['Action', 'Action Adventure', 'General', 'Open-World']",Sony Interactive Entertainment,85,7.1,"From legendary game creator Hideo Kojima comes a genre-defying experience, now expanded and remastered for the PlayStation 5 console in this definitive Director’s Cut. In the future, a mysterious event known as the Death Stranding has opened a doorway between the living and the dead, leading to grotesque creatures from the afterlife roaming the fallen world marred by a desolate society. Take on the trials of Sam Bridges with advanced combat, more character actions and a competitive ranking system for special player challenges.* Make use of additional weapons and vehicles, take on new enemy types and explore new locations such as the Firing Range and Racetrack, featuring extra missions and minigames. Experience an extended storyline through new missions in an expanded area. "
PlayStation 5,"Nov 12, 2020",Assassin's Creed Valhalla,"['Action Adventure', 'Open-World']",Ubisoft,84,7.8,"Build your own Viking Legend. Become Eivor, a Viking raider raised to be a fearless warrior, and lead your clan from icy desolation in Norway to a new home amid the lush farmlands of ninth-century England. Find your settlement and conquer this hostile land by any means to earn a place in Valhalla. England in the age of the Vikings is a fractured nation of petty lords and warring kingdoms. Beneath the chaos lies a rich and untamed land waiting for a new conqueror. Will it be you? Write Your Viking Saga. Blaze your own path across England with advanced RPG mechanics. Fight brutal battles, lead fiery raids or use strategy and alliances with other leaders to bring victory. Every choice you make in combat and conversation is another step on the path to greatness. Lead Epic Raids. Lead a crew of raiders and launch lightning-fast surprise attacks against Saxon armies and fortresses. Claim the riches of your enemies' lands for your clan and expand your influence far beyond your growing settlement. ENGAGE IN VISCERAL COMBAT. Unleash the ruthless fighting style of a Viking warrior as you dual-wield axes, swords, or even shields against relentless foes. Decapitate opponents in close-quarters combat, riddle them with arrows, or assassinate them with your Hidden Blade. Grow Your Settlement. Your clan's new home grows with your legend. Customise your settlement by building upgradable structures. Unlock new features and quests by constructing a barracks, a blacksmith, a tattoo parlour, and much more. Share Your Custom Raider. Recruit mercenary Vikings designed by other players or create and customise your own to share online. Sit back and reap the rewards when they fight alongside your friends in their game worlds. A Dark Age Open World. Sail across the icy North Sea to discover and conquer the broken kingdoms of England. Immerse yourself in activities like hunting and drinking games or engage in traditional Norse competitions like flyting – or, as it's better known, verbally devastating rivals through the art of the Viking rap battle. [Ubisoft]"
PlayStation 5,"Jan 20, 2021",Hitman 3,"['Action Adventure', 'General']",Io Interactive,84,8.0,"Death Awaits "
PlayStation 5,"Feb  8, 2022",OlliOlli World,"['2D', 'Action', 'Platformer']",Private Division,84,7.9,"OlliOlli World is a bold new skateboarding action-platformer that’s bursting with personality. Flip and flow through the vivid and vibrant world of Radlandia, meeting colorful characters as you grind, trick, and air your way to discover the mystical skate gods on your quest for Gnarvana. Traverse a delightful and weird world as you take on missions, challenges, and make new friends along the way. Customize your character’s looks, tricks, and style while you experience explorable levels with multiple paths that provide an array of opportunities for player expression. Challenge the world in Leagues or dare a friend to beat your best tricks on one of millions of sharable levels. Experience the accessibility, depth, and player freedom as you dive into the signature flow state gameplay of OlliOlli World."
PlayStation 5,"May  7, 2021",Resident Evil Village,"['Action Adventure', 'Survival']",Capcom,84,8.5,"The next generation of survival horror rises in the form of Resident Evil Village, the eighth major entry in the Resident Evil series. With ultra-realistic graphics powered by the RE Engine, fight for survival as danger lurks around every corner. Years after the tragic events of Resident Evil 7 biohazard, Ethan Winters has started over with his wife Mia, finally living in peace and putting the past behind them. However, Chris Redfield, the legendary hero from previous Resident Evil games, suddenly disrupts their life, throwing a devastated Ethan into a new and twisted nightmare in search of answers."
PlayStation 5,"Aug 20, 2021",Ghost of Tsushima: Iki Island,"['Action Adventure', 'Open-World']",PlayStation Studios,84,7.7,"If you’re a history buff, you may know that in addition to Tsushima, the neighboring island of Iki was also invaded during this time period. This island serves as the setting for a whole new chapter in Jin’s journey. In this new story, Jin travels to the island to investigate rumors of a Mongol presence. But soon, he finds himself caught up in events with deeply personal stakes that will force him to relive some traumatic moments from his past. [Sony]"
PlayStation 5,"Jun 18, 2021",Metro Exodus: Complete Edition,"['Action', 'Arcade', 'First-Person', 'Shooter']",Deep Silver,83,7.9,The year is 2036.
PlayStation 5,"Apr 23, 2021",Judgment,"['Action Adventure', 'Open-World']",Sega,83,8.5,"From the makers of the acclaimed Yakuza series, Ryu Ga Gotoku Studio, Judgment is the dramatic tale of a disgraced lawyer seeking redemption in a world rife with corruption and despair. Investigate the seedy Red Light District of Kamurocho by stepping into the mind of private detective Takayuki Yagami and utilize innovative investigation systems to uncover the secrets that lie deep within Kamurocho's corrupt underbelly. Experience visceral combat with two unique combat styles. Take down groups of thugs with sweeping blows in Crane Style, then switch to Tiger to overwhelm a single foe with a series of powerful strikes. Practice mixing-and-matching styles in combat in conjunction with a wide variety of skills, weapons, and powerful (and hilarious) EX Actions to unlock a whole new dimension in combat."
PlayStation 5,"Apr  5, 2022",LEGO Star Wars: The Skywalker Saga,"['Action Adventure', 'General']",Warner Bros. Interactive Entertainment,83,8.8,"LEGO Star Wars: The Skywalker Saga will feature hundreds of playable characters - the most ever for a LEGO Star Wars game - and ships, LEGO's signature sense of humour and fun, and new innovations, options, and gameplay features. Players can start the game at any point in the Star Wars timeline; fans can jump in with Star Wars: The Phantom Menace, begin the original trilogy with Star Wars: A New Hope, or launch right into Star Wars: The Rise of Skywalker."
PlayStation 5,"Sep 24, 2021",Lost Judgment,"['Action Adventure', 'Open-World']",SegaSoft,82,8.6,"SEIZE THE TRUTH - December 2021, Tokyo district court. Akihiro Ehara stands accused of groping a woman on a crowded train. A bystander’s video footage of his attempt to flee the scene and subsequent apprehension is all over the news, and public outcry demands a maximum sentence. “Three days ago, a dead body was found in an abandoned building in Yokohama. Have you identified it yet?” he proclaims as confusion cuts through the court room. His defense lawyer, Saori Shirosaki, has no doubt that crucial details of the situation have been overlooked, as Ehara was not even tried for the murder. She contacts detective Takayuki Yagami to investigate this further."
PlayStation 5,"Sep 23, 2021",Diablo II: Resurrected,"['Action RPG', 'Role-Playing']",Activision,81,3.9,"Diablo® II: Resurrected™ is a remastered version of the quintessential action RPG Diablo® II. Pursue the mysterious Dark Wanderer and fight the denizens of hell as you uncover the fate of the Prime Evils Diablo, Mephisto, and Baal. Features: Remastered graphics—monsters, heroes, items, spells, all resurrected. An epic story told through five distinct acts. Classic gameplay—the same Diablo II you know and love, preserved. Updated Battle.net support. Planned support for cross-progression—take your progress wherever you play. Diablo II: Resurrected includes all content from both Diablo II and its epic expansion Diablo II: Lord of Destruction®. Battle your way through icy caverns, horrific tombs filled with undead abominations, and frozen wastelands to the frigid summit of Mount Arreat and stop Baal, the Lord of Destruction. Raise hell with two Lord of Destruction playable classes—the cunning Assassin, master of traps and shadow disciplines, and the savage Druid, a bold shapeshifter and summoner who commands primal elemental magic."
PlayStation 5,"Mar 15, 2022",Grand Theft Auto V,"['Action Adventure', 'Open-World']",Rockstar Games,81,2.4,"Los Santos: a sprawling sun-soaked metropolis full of self-help gurus, starlets and fading celebrities, once the envy of the Western world, now struggling to stay afloat in an era of economic uncertainty and cheap reality TV. Amidst the turmoil, three very different criminals plot their own chances of survival and success: Franklin, a street hustler looking for real opportunities and serious money; Michael, a professional ex-con whose retirement is a lot less rosy than he hoped it would be; and Trevor, a violent maniac driven by the chance of a cheap high and the next big score. Running out of options, the crew risks everything in a series of daring and dangerous heists that could set them up for life."
PlayStation 5,"Sep 10, 2021",Life is Strange: True Colors,"['Action Adventure', 'General']",Square Enix,81,6.7,"A bold new era of the award-winning Life is Strange begins, with an all-new playable lead character and a thrilling mystery to solve!"
PlayStation 5,"Feb  8, 2022",SIFU,"['3D', 'Action', ""Beat-'Em-Up""]",Sloclap,80,8.1,"Sifu is a stylish yet gritty beat-em-up, featuring visceral hand-to-hand combat in a contemporary urban setting. From Sloclap, creators of acclaimed PS4 fighting game Absolver, Sifu follows a young kung fu student on a path of revenge, hunting for the murderers of his family. One against all, he has no allies and countless enemies. He will have to rely on his unique mastery of kung fu to prevail and preserve his family’s legacy."
PlayStation 5,"Oct 26, 2021",Marvel's Guardians of the Galaxy,"['Action Adventure', 'Action RPG', 'Linear', 'Role-Playing']",Square Enix,80,8.7,"Fire up Star-Lord’s jet boots for a wild ride across the cosmos in this third-person action-adventure game, a fresh take on Marvel’s Guardians of the Galaxy. With the unpredictable Guardians at your side, blast your way from one explosive situation to another, with original and iconic Marvel characters caught in a struggle for the fate of the universe. You got this. Probably."
PlayStation 5,"Nov 12, 2020",DIRT 5,"['Automobile', 'Racing', 'Simulation']",Codemasters,80,5.4,"On PS5, experience technical advances brought to life in an amplified off-road racer, such as faster loading times, greater graphical fidelity and a 120FPS option. Dirt 5 also utilises ps5's dual sense Controller features, including haptic feedback and adaptive triggers, so you can feel every bump, scrape and slide behind the wheel. All dirt 5 players on PlayStation 4 are entitled to a free upgrade to the next-gen optimized version on PlayStation 5."
PlayStation 5,"Jun 30, 2021",Doki Doki Literature Club Plus!,"['Adventure', 'Visual Novel']",Serenity Forge,80,7.9,"Welcome to the club! Write poems for your crush and experience the terror of school romance in this critically-acclaimed psychological horror story."
PlayStation 5,"Jun 25, 2021",Scarlet Nexus,"['Action Adventure', 'Action RPG', 'Open-World', 'Role-Playing']",Bandai Namco Games,80,7.8,"Unleash the Power of the Mind - In a far distant future, a psionic hormone was discovered in the human brain, granting people extra-sensory powersand changing the world as we know it. Just as humanity was entering this new era, deranged mutants known as Others began to descend from the sky with a thirst for human brains. Highly resistant to conventional attack methods, extreme measures needed to be taken to battle the overwhelming threat and preserve humanity. Those with acute extra-sensory abilities, known as psionics, were our chance to fight the onslaught from above. To this day, psionics have been scouted for their talents and recruited to the Other Suppression Force (OSF), humanity's last line of defense."
PlayStation 5,"Feb 14, 2022",The King of Fighters XV,"['2D', 'Action', 'Fighting']",Koch Media,79,7.3,"Since its debut in 1994, the KOF fighting game series has been driving the world to excitement with its appealing characters and unique game system. Six years have passed since the last title in the series, and now KOF XV surpasses all of its predecessors in terms of graphics, systems, and online experience! '- A total of 39 characters are participating! Classic popular characters, revived characters, new characters, and more! The most epic dream match in KOF history is about to begin!"
PlayStation 5,"Nov  9, 2021",Jurassic World Evolution 2,"['Business / Tycoon', 'Management', 'Strategy']",Frontier Developments,78,6.6,"Jurassic World Evolution 2 is the sequel to Frontier’s Jurassic World Evolution, building upon the 2018 management simulation. It introduces a compelling, new narrative campaign, incredible new features, and awe-inspiring new dinosaurs brought to life with captivating authenticity. Together with expanded construction and more customisation options, the result is an even bigger, better and authentic Jurassic World game.  "
PlayStation 5,"Jan 26, 2021",Atelier Ryza 2: Lost Legends & the Secret Fairy,"['Japanese-Style', 'Role-Playing']",Koei Tecmo Games,78,7.8,"Three years have passed since Ryza’s secret grand adventure on Kurken Island. Ryza, the only member of her group to remain on the island, receives a letter from her friend telling her about ruins that may be related to alchemy, along with a mysterious request involving a glowing stone. This inspires her to leave the island and venture out to the royal capital, Ashra-am Baird. However, Ryza is unaware that this will lead to the beginning of an imaginative new adventure involving a pursuit of the mysteries of the ruins surrounding the royal capital and a meeting with a strange creature that will change her life."
PlayStation 5,"Apr  1, 2022",MLB The Show 22,"['Baseball', 'Sim', 'Sports', 'Team']",Sony Interactive Entertainment,78,6.7,"Diamond Dynasty is back. Play, collect, and build on your fantasy card collection and bring to life on the diamond*. Try the new Mini Seasons mode, where each season brings new challenges as you face off against a new set of competition. Create and use multiple Ballplayers, beyond your Road to the Show personalized Baseball RPG experience, and customize your Ballplayers exactly how you want to aid in your progression. Face your friends with cross-platform play**. With cross progression, continue your progress and earn and use content on other console platforms. Stepping up to the plate for the first time? Tailor your experience with gameplay styles and two new difficulty settings to help you get the hang of the basics. Play March to October in your style, with updated mode tools to utilize custom uniforms, logos, and created stadiums. Live out your dream Baseball matchups with new Legends joining the diamond."
PlayStation 5,"Sep 28, 2021",Lemnis Gate,"['Action', 'Arcade', 'First-Person', 'Shooter']",Frontier Foundry,78,tbd,"Lemnis Gate is a time-warping, turn-based combat strategy FPS. Over five alternating turns taking place in a 25” time-loop, you are called to master the unique abilities of a varied cast of deep-space operatives and outskill, outsmart, and outmanoeuvre your opponent in mind-bending four-dimensional battles. Lemnis Gate twists time to subvert one of the world’s most popular game genres and offers a relentlessly inventive multiplayer experience deeply rooted in tactical FPS gameplay. Challenge yourself to think across four dimensions as you embark on the ultimate test of cognition and combat."
PlayStation 5,"Apr 16, 2021",MLB The Show 21,"['Baseball', 'Sim', 'Sports', 'Team']",Sony Interactive Entertainment,78,4.1,"Be a 2-way star. For the first time, take your Ball Player from Road To The Show and use him in other game modes. Now your Ball Player can be a 2-way star. Enjoy Franchise improvements and updates to March To October which empower you to better make decisions on the future of your club. Live content now streamlines programs to provide clearer goals, faster paths to rewards based on how you play, and welcomes a new class of Legends to build your dream squad. New to MLB The Show this year is gameplay styles alongside new gameplay onboarding tutorials to expand gameplay for all playstyles and skill levels. Casual: An easier, fun, pick-up and play experience with an emphasis on learning the game. Simulation: Authentic MLB experience that plays true to player and team ratings. A balance between stick skills and player attributes.  Competitive: User stick skills reign supreme, greater emphasis on user input over player ratings. Our new online H2H default. "
PlayStation 5,"Sep 27, 2021",FIFA 22,"['Sim', 'Soccer', 'Sports', 'Team']",Electronic Arts,78,2.5,"Powered by Football™, EA SPORTS™ FIFA 22 brings the game even closer to the real thing with fundamental gameplay advances and a new season of innovation across every mode. New gameplay features in FIFA 22 give you more consistency between the posts with a goalkeeper rewrite that brings more composure to the most important position on the pitch, alongside new ball physics, explosive sprint that better matches the acceleration of the game’s quickest players, and new attacking tactics that let you take control of how your team plays. In Career Mode, live out your football dreams as you create and manage the game’s newest club to glory. VOLTA FOOTBALL rewards you for your flair with restyled small-sided gameplay and new ways to play and progress each season. Get the squad together in Pro Clubs with enhanced team customization and updated progression that puts you in control of your Virtual Pro’s development, and welcome back some of football’s most memorable players as new FUT Heroes in FIFA Ultimate Team™ with a redefined competition structure that makes testing your skills against other players more accessible. However you play, enjoy unrivaled authenticity everywhere with over 17,000 players, 700+ teams, and more than 30 leagues including the UEFA Champions League, CONMEBOL Libertadores, and the brand new UEFA Europa Conference League - only available in FIFA 22."
PlayStation 5,"Feb 25, 2022",GRID Legends,"['Arcade', 'Automobile', 'Racing']",Electronic Arts,77,6.7,"Grid Legends combines thrilling motorsport action, incredible race variety, and an immersive story that puts the player at the heart of the action. Blending brand new features with a quarter-century legacy of fantastic racing experiences, today’s official reveal trailer kicks off a new chapter for a legendary racing series."
PlayStation 5,"Nov 12, 2020",The Pathless,"['Action Adventure', 'General', 'Open-World']",iam8bit,77,8.1,"From the creators of ABZÛ, The Pathless is a mythic adventure game about an archer and an eagle in a vast forest. Become the Hunter, a master of archery who travels to a mystical island to dispel a curse of darkness that grips the world. Forge a connection with your eagle companion as you hunt corrupted spirits, but be careful not to become the hunted yourself. Explore misty forests full of secrets, solve puzzles in ancient ruins, and test your skill in epic battles. The bond with your eagle and the fate of the world hang in the balance. [Giant Squid]"
PlayStation 5,"Oct 28, 2021",Riders Republic,"['Individual', 'Other', 'Sports']",Ubisoft,77,7.0,"Jump into the Riders Republic massive multiplayer playground! Meet and compete with other players, and ride hard with an exciting range of activities such as bike, ski, snowboard, wingsuit and rocket wingsuit. Live out the rider's fantasy as you roam free in a huge, vibrant open world, always buzzing with other players around you. Immerse yourself in iconic American national parks including Bryce Canyon, Yosemite Valley, Mammoth Mountain... all mashed up for you to shred!"
PlayStation 5,"Apr 22, 2021",MotoGP 21,"['Automobile', 'Racing', 'Simulation']",Koch Media,77,6.5,"Discover all the official rosters and tracks and experience the thrill of the 2021 Season. And if you want to dive into the past, you can relive the MotoGP™ history with more than 40 riders and their iconic bikes. Take critical decisions and find a winning strategy to take over the Championship! Create your crew, choosing between official teams or a new one. Pick your staff, choosing your Personal Manager, a Chief Engineer, and a Data Analyst who will help you to make crucial choices such as the best contract to get and the bike development. Reach the MotoGP™ or Moto2™ class and assemble your very own Junior team. How you ride your bike will directly affect the tires wear. Worn tires make it more difficult to handle the bike. Manage it cautiously. Forget automatic respawns. If you fall, you must get up and get back on your bike as fast as possible. Never lose control. Customize helmet, suit, stickers, racing number, and livery with 5 incredible Graphic Editors! Once you’re done, share* your designs online or try on some of your fellow player’s creations. *You can share helmet, racing number and rider stickers. Just like the real riders, you’ll have to play by the rules of the official championship or you’ll face the consequences, including, for the first time, the Long Lap Penalty. Enjoy the most authentic MotoGP™ experience."
PlayStation 5,"Mar  8, 2022",WWE 2K22,"['Combat', 'Individual', 'Sports', 'Wrestling']",2K Games,77,7.6,"Get ripped out of the stands and hit with complete control of the WWE Universe. Hit with the biggest and most realistic-looking WWE Superstars and Legends: The Rock, Sasha Banks, Goldberg, Brock Lesnar & more. Relive pivotal moments in Rey Mysterio’s iconic career in 2K Showcase and 619 your way to superstardom. Booyaka! Call the shots as a WWE General Manager in MyGM - Take the reins of Raw, SmackDown, NXT or NXT UK and draft your ultimate roster then compete against rival GM’s to build the biggest brand in the WWE Universe."
PlayStation 5,"Dec  3, 2020",Immortals Fenyx Rising,"['Action Adventure', 'Open-World']",Ubisoft,77,7.6,"[Formerly titled 'Gods & Monsters'] Immortals Fenyx Rising brings grand mythological adventure to life. Play as Fenyx, a new, winged demigod, on a quest to save the Greek gods. The fate of the world is at stake – you are the gods’ last hope. Wield the powers of the gods like Achilles' sword and Daidalos' wings to battle powerful enemies and solve ancient puzzles. Fight iconic mythological beasts like Cyclops and Medusa in dynamic combat in the air and on the ground. Use your skills and diverse weapons, including selfguided arrows, telekinesis, and more, for devastating damage. Discover a stylized open world across seven unique regions, each inspired by the gods. "
PlayStation 5,"Dec  8, 2020",Puyo Puyo Tetris 2,"['Matching', 'Puzzle']",Sega,76,5.8,Japan's beloved puzzle game series Puyo Puyo and the world renowned Tetris game franchise have teamed up again to deliver even more Puyo popping and Tetrimino clearing fun in Puyo Puyo Tetris 2. Playing is easy: match 4 or more same coloured Puyos or complete a line of blocks to clear them from your board and dump Garbage into your opponent's game. But keep an eye on what's coming your way too.
PlayStation 5,"Sep 10, 2021",NBA 2K22,"['Basketball', 'Sim', 'Sports', 'Team']",2K Games,76,3.6,"Enjoy competitive gameplay, online features, and a variety of game modes, including myCAREER, as you put together your dream team in this  basketball video game. A WORLD OF BASKETBALL. NBA 2K22 puts the entire basketball universe in your hands. PLAY NOW in real NBA and WNBA environments against authentic teams and players. Build your own dream team in MyTEAM with today’s stars and yesterday’s legends. Live out your own pro journey in MyCAREER and experience your personal rise to the NBA. Flex your management skills as a powerful Executive in MyGM and MyLEAGUE. Anyone, anywhere can hoop in NBA 2K22."
PlayStation 5,"Feb  4, 2022",Dying Light 2 Stay Human,"['Action Adventure', 'Survival']",Square Enix,76,4.9,"THE FATE OF THE CITY IS IN YOUR HANDS It's been 15 years since humanity lost to the virus. The last great human settlement exists within an unforgiving, infected world, plunged into a modern dark age. During the day, bandits, factions and starving survivors roam the streets scavenging for scraps - or someone to take them from, by violence if necessary. At night the infected roam free, evacuating their dark hideouts to prey on the living. You are Aiden Caldwell, an infected survivor. Your exceptional agility and brutal combat skills make you a powerful ally and a valuable commodity in this dangerous world. You can achieve things no one else can. Enter places no one else dares. With your unique abilities you have the power to be an agent of change within this decaying metropolis."
PlayStation 5,"Nov 13, 2020",Call of Duty: Black Ops Cold War,"['Action', 'First-Person', 'Shooter', 'Tactical']",Activision,76,4.4,"Black Ops Cold War will drop fans into the depths of the Cold War's volatile geopolitical battle of the early 1980s. Nothing is ever as it seems in a gripping single-player Campaign, where players will come face-to-face with historical figures and hard truths, as they battle around the globe through iconic locales like East Berlin, Vietnam, Turkey, Soviet KGB headquarters, and more."
PlayStation 5,"Oct  2, 2021",Super Monkey Ball: Banana Mania,"['Compilation', 'Miscellaneous']",Sega,75,6.7,"Go Bananas with your favorite monkey gang in the ultimate Super Monkey Ball adventure. Roll through wondrous worlds with AiAi and friends as you race to stop monkey mad scientist Dr. Bad-Boon from blowing up Jungle Island! Join the all-star monkey team of AiAi, MeeMee, GonGon, Baby, YanYan and Doctor as you bounce, tilt, and roll your way across hundreds of delightfully crafted levels and mazes. It’s monkey business for the gang - play solo or with friends as you take down Dr. Bad-Boon and steal back your beloved bananas!"
PlayStation 5,"Mar 25, 2022",Tiny Tina's Wonderlands,"['Action', 'Arcade', 'First-Person', 'Shooter']",2K Games,75,5.8,"Embark on an epic adventure full of whimsy, wonder, and high-powered weaponry! Bullets, magic, and broadswords collide across this chaotic fantasy world brought to life by the unpredictable Tiny Tina, who makes the rules, changes the world on the fly, and guides players on their journey. Customize your own multiclass hero and loot, shoot, slash, and cast your way through outlandish monsters and treasure-filled dungeons on a quest to stop the tyrannical Dragon Lord. Everyone's welcome, so join the party, throw on your adventuring boots, and be Chaotic Great!"
PlayStation 5,"Mar 22, 2022",GhostWire: Tokyo,"['Action Adventure', 'Adventure', 'General', 'Visual Novel']",Bethesda Softworks,75,8.0," After strange disappearances hit Tokyo’s population, it’s up to you to uncover the source and purge the city of a strange, new evil. Armed with your own mysterious abilities, you will face down the occult, unravel conspiracy theories and experience urban legends like never before."
PlayStation 5,"Sep 27, 2021",Hot Wheels Unleashed,"['Arcade', 'Automobile', 'Racing']",Milestone S.r.l,75,7.7,"Drive the cars of your dreams! The coolest, the fastest, the most unique badass vans and jaw-dropping muscle cars are waiting for you. Take the wheel of tons of vehicles with their own personality and style, different traits, and levels of rarity. The very best of the hot wheels universe is here! Prove you're the best and unlock Premium cars and extraordinary items and with the livery editor make your ride a one-of-a-kind masterpiece of speed. Race like everyone's watching! Get ready for pure fun and show off your driving skills! Drift like a pro, charge your boost and blast through the loops to beat time, rivals and gravity itself! Are you up for a challenge? Boom, jackpot: race side by side a friend in the 2-player local split-screen mode or face up to 12 players online in a worldwide event. The harder the challenge, the more glorious the triumph! Unleash your creativity! Massive, themed playgrounds are ready to host the most immersive races. Have fun on and off the track with these beautifully detailed and interactive environments, where any object can play a role and be an actual part of your circuit! You can even build a racetrack inside your very own room, a space to customize with furniture and the items you will collect during your journey. And thanks to the incredibly powerful editor, building the craziest tracks has never been easier! Bend and stretch the iconic Orange track piece to create your unique design and then add special Boosters, loops, obstacles, and exclusive interactive elements to build your own racing paradise. Share your creations with the world Or enjoy tracks made by other crazy players like you. Now it's time to unleash the fun! "
PlayStation 5,"Nov 12, 2020",Bugsnax,"['3D', 'Action', 'Adventure', 'First-Person', 'General']","Young Horses, Inc",75,7.6,"Explore whimsical Snaktooth Island in search of answersand a snack, maybe. "
PlayStation 5,"Feb 15, 2022",Cyberpunk 2077,"['Action RPG', 'Role-Playing']",CD Projekt Red Studio,75,6.5,"Night City, California. Year 2077. The world is broken. MegaCorps manage every aspect of life from the top floors of their sky-scraping fortresses. Down below, the streets are run by drug pushing gangs, tech hustlers, and illegal braindance slingers. The in-between is where decadence, sex and pop culture mix with violent crime, extreme poverty and the unattainable promise of the American Dream. "
PlayStation 5,"Sep 28, 2021",KeyWe,"['Action', 'General', 'Puzzle']",Sold Out,74,tbd,"Welcome to KeyWe, the cute and chaotic co-op postal puzzle game where the mail must flow, and it’s up to you to keep things running! Play as Jeff and Debra, two small kiwi birds and the newest hires at the Bungalow Basin Telepost Office.  With no hands to help them, the two must work together to jump, flap, peck and butt-slam their way across an interactive landscape of levers, buttons and bells to get the mail delivered on time. From the Dropoff Depot and the Shipping Floor, all the way to the Telegraph Desk and the Cassowary Coop out back, the Telepost is a well-oiled mail-processing machine...well, usually. Overcome Occupational Hazards: Brave inclement weather (and even weirder stuff) while waddling through the Telepost’s various mailrooms to ensure the residents of Bungalow Basin get their post. From swirling sandstorms and blizzards, to carnivorous plants and paranormal activity, it’s all in a day’s work for Jeff and Debra."
PlayStation 5,"Mar  4, 2021",Mortal Shell: Enhanced Edition,"['Action RPG', 'Role-Playing']",Playstack,74,6.3,"Mortal Shell is a deep action-RPG that tests your sanity and resilience in a shattered world. Your adversaries spare no mercy, with survival demanding superior awareness, precision, and instincts. Possess lost warriors, track down hidden sanctums of the devout, and face formidable foes. "
PlayStation 5,"Dec  4, 2020",FIFA 21 NXT LVL EDITION,"['Sim', 'Soccer', 'Sports', 'Team']",Electronic Arts,74,2.3,"On the street and in the stadium, FIFA 21 has more ways to play than ever before.  FIFA 21 rewards you for your creativity and control all over the pitch. Create more scoring opportunities with all-new dynamic attacking systems in the most intelligent FIFA gameplay to date. A new Agile Dribbling system gives you the means to unleash your creativity in 1-on-1 situations. Use fast footwork, more responsive close control, and new skill moves like the ball roll fake to explode past defenders. In FIFA 21, increased positional awareness elevates footballers’ in-game intelligence to put them in the right place at the right time. See world-class forwards hold their runs in line with the last defender, creative playmakers find space to play through balls, and midfielders shut off passing lanes as players better live up to their real-world understanding of space and time on the pitch. [Electronic Arts]"
PlayStation 5,"Jan 20, 2022",Tom Clancy's Rainbow Six Extraction,"['Action', 'First-Person', 'Shooter', 'Tactical']",Ubisoft,73,5.2,"Assemble your elite team of Rainbow Six Operators to launch incursions in the unpredictable containment zones and face off against an evolving Alien threat. Band together and put everything on the line as you take on this unknown enemy. Pick from 18 Rainbow Six operators. Assemble a squad in Co-op of up to three Operators, or go solo. Each operator has a specific set of weapons and abilities to learn improve and master, and improve through a new progression-system. Explore 12 uniquely designed maps featuring procedurally generated challenges will test your team every time. Knowledge, cooperation and a tactical approach are your best weapons to survive. Fail against the enemies and your Operators will go Missing in Action (MIA). Be prepared to fight a lethal, unpredictable and constantly evolving Alien Threat. You will have to count on your teammates to face each of the 10 parasitic archetypes. Their abilities, combined with the alien ecosystem, will stand in your way."
PlayStation 5,"Dec  3, 2021",Chorus,"['Combat', 'Simulation', 'Space']",Deep Silver,73,7.2,"Take control of Nara, once the Circle’s deadliest warrior, now their most wanted fugitive, on a quest to destroy the dark cult that created her. Unlock devastating weapons and mind-bending abilities in a true evolution of the space-combat shooter. Along with Forsaken, her sentient starfighter, explore ancient temples, engage in exhilarating zero-g combat, and venture beyond our waking reality. Lead Nara and Forsaken, her sentient ship, as their quest for redemption takes them across the galaxy and beyond the boundaries of reality. Enter a dark new universe, teeming with mystery and rife with conflict. Explore epic locations such as sprawling space stations and strange planes of existence beyond our own. Attain powerful weapons and combat upgrades. Master your ship’s unique drift mechanic and deadly mind-bending abilities, including extra-sensory perception, teleportation, and telekinesis. Chain your powers together to become the ultimate living weapon."
PlayStation 5,"Nov  4, 2021",Call of Duty: Vanguard,"['Action', 'First-Person', 'Shooter', 'Tactical']",Activision,73,3.5,"This is WWII combat like never before. Witness the origins of Special Forces as you play a pivotal role and change the face of history, forming Task Force One in a gripping Campaign across four major theaters of war. Become an original Special Forces Operator in an online Multiplayer rich in innovation with 20 maps available at launch. Prepare for a franchise-first, universe-expanding Zombies crossover. Immerse yourself in a fully integrated Call of Duty®: Warzone™ experience featuring a new and massive map. This is the most connected Call of Duty ever, all powered by the next generation Call of Duty® engine introduced in Modern Warfare."
PlayStation 5,"Apr  1, 2021",Outriders,"['Action', 'Arcade', 'Shooter', 'Third-Person']",Square Enix,73,5.9,"Outriders is a 1-3 player co-op RPG shooter set in an original, dark and desperate sci-fi universe. As mankind bleeds out in the trenches of Enoch, you'll create your own Outrider and embark on a journey across the hostile planet. With rich storytelling spanning a diverse world, you'll leave behind the slums and shanty towns of the First City and traverse forests, mountains and desert in the pursuit of a mysterious signal. Combining intense gunplay with violent powers and an arsenal of increasingly twisted weaponry and gear-sets, Outriders offers countless hours of gameplay from one of the finest shooter developers in the industry People Can Fly."
PlayStation 5,"Oct  7, 2021",Far Cry 6,"['Action Adventure', 'Open-World']",Ubisoft,73,4.7,"Far Cry 6 reveals a Caribbean island simmering with revolutionary tension. The title features actor Giancarlo Esposito (“Better Call Saul,” “The Boys,” “The Mandalorian”) as President Anton Castillo, the violent leader who grips the island of Yara with an iron fist, promising a return to its former glory. With an arsenal of weapons and allies at your back, you’ll take on Castillo’s regime and fight for the future of Yara. As Dani Rojas (playable as a female or male character), you will help stoke the fires of revolution through guerrilla warfare across the island of Yara, from verdant jungles to the urban streets of the capital city, Esperanza. You’ll use a powerful array of weapons and vehicles, and build a network of allies to fight alongside you, including Fangs for Hire like Chorizo, the dangerously distracting wiener dog. As President Castillo prepares his son Diego, played by Anthony Gonzalez (“Coco”), to succeed him, you will do all you can to ensure his plans don’t come to fruition. [Ubisoft]"
PlayStation 5,"Mar 18, 2021",Marvel's Avengers,"['Action', 'General']",Square Enix,73,5.8,"Marvel’s Avengers is an epic, third-person, action-adventure game that combines an original, cinematic story with single-player and co-operative gameplay. Assemble into a team of up to four players online, master extraordinary abilities, customize a growing roster of Heroes, and defend the Earth from escalating threats."
PlayStation 5,"Oct 22, 2021",The Dark Pictures Anthology: House of Ashes,"['Action Adventure', 'Survival']",Bandai Namco Games,72,7.6,"From the creators of Until Dawn"
PlayStation 5,"Aug 12, 2021",Assassin's Creed Valhalla: The Siege of Paris,"['Action Adventure', 'Open-World']",Ubisoft,72,7.2,"The Siege of Paris sees Eivor embark upon a new series of quests in Francia, the largest of the post-Roman barbarian kingdoms in Western Europe. New weapons, abilities, gear, and skills are all be up for grabs, and Infiltration Missions returns as well, enabling players to determine exactly how they go about murdering their assigned targets."
PlayStation 5,"Jul 27, 2021",Tribes of Midgard,"['Action RPG', 'Role-Playing']",Gearbox Software,71,6.8,"In Tribes of Midgard players can play solo or co-op with a team of up to 10 players to resist the oncoming invasion of giants during Ragnarök. Set in worlds full of dark creatures, hidden gods, and abundant materials to be uncovered, players begin the game as a Viking living in a village that houses the Seed of Yggdrasil, which is the last bastion that protects the gods from the other realms.  Fans will need to explore the wilderness to craft new weapons and be prepared to defend the sacred center of your village from the grim shadows from Helheim that prey upon its power. All the while, giants stalk ever closer to the village, seeking to destroy Midgard and fulfill the prophecy of the end of the world."
PlayStation 5,"Mar 10, 2022",Assassin's Creed Valhalla: Dawn of Ragnarok,"['Action Adventure', 'Open-World']",Ubisoft,70,6.8,"In the most ambitious expansion in franchise history, Eivor must embrace their destiny as Odin, the Norse god of Battle and Wisdom. Unleash new divine powers as you embark on a desperate quest through a breathtaking world. Complete a legendary Viking saga and save your son in the face of the gods’ doom."
PlayStation 5,"Mar  1, 2022",ELEX II,"['Role-Playing', 'Western-Style']",THQ Nordic,70,5.1,"ELEX II is the sequel to ELEX, the vintage open-world role-playing experience from the award-winning creators of the Gothic and Risen series, Piranha Bytes. ELEX II returns to the post-apocalyptic Science Fantasy world of Magalan with massive environments that can be explored with unrivaled freedom via jetpack, you will be able to move through the epic story any way you want."
PlayStation 5,"Jul  6, 2021",Watch Dogs: Legion - Bloodline,"['Action Adventure', 'Open-World']",Ubisoft,70,7.3,"Set before the events of Watch Dogs: Legion, the DLC expansion introduces a new storyline that tasks original Watch Dogs protagonist Aiden Pearce with stealing a robot-controlling device from Broca Tech – only to see the job go south as Watch Dogs 2’s Wrench interferes. Check out the trailer below to see how Aiden’s carefully laid plans unravel, and what he now risks as a result. Both Aiden and Wrench are playable during Bloodline’s story, and with the Season Pass or an in-game purchase, they can be added to your DedSec Resistance in the main campaign or in the Online mode. Each also comes with new abilities: Aiden can aim in slow-mo after a takedown, gets a damage buff with a well-timed reload, or disable nearby electronics with a System Crash. Wrench – in addition to an MPX SMG and LTL grenade launcher, both with custom skins – carries a big custom hammer named Lady Smash, deploys mini flashbangs called Ninja Balls, and can summon a custom drone named Sergei. [Ubisoft]"
PlayStation 5,"Oct 13, 2021",Demon Slayer: Kimetsu no Yaiba - The Hinokami Chronicles,"['3D', 'Action', 'Fighting']",Sega,70,7.7,"Players can relive the story of Tanjiro Kamado as depicted in the TV anime Demon Slayer: Kimetsu no Yaiba. Its episodes start from the “Kamado Tanjirou Risshi Arc” of the TV anime, in which Tanjiro joins the Demon Slayer Corps and faces off against various demons, and end at the “Mugen Train Arc” of the feature film, in which Tanjiro joins the Flame Hashira Kyojuro Rengoku on a mission. Enjoy the battles against the demons from the anime with beautiful graphics and expression."
PlayStation 5,"Oct  5, 2021",JETT: The Far Shore,"['Action Adventure', 'Open-World']",Superbrothers,68,6.7,"JETT: The Far Shore invites you on an interstellar trip to carve out a future for a people haunted by oblivion in this cinematic action-adventure. As scout Mei, be the first to deploy to a mythic ocean planet. Take the helm of a 'jett' and explore a vast unknown – skim low over waves, roar up pristine coastlines and carve through otherworldly woods. Adapt to an intricate, systemic open world and persevere through adversity alongside an intimate ensemble cast in this story of courage, wonder and regret."
PlayStation 5,"Nov 12, 2020",Warhammer: Chaosbane,"['Action RPG', 'Role-Playing']",Bigben Interactive,67,5.8,"In a world ravaged by war and dominated by magic, you are the last hope for the Empire of Man against the Chaos hordes. Playing solo or with up to 4 in local or online co-op, choose a hero from 4 character classes with unique and complementary skills, and prepare for epic battles wielding some of the most powerful artefacts of the Old World."
PlayStation 5,"Aug 24, 2021",Aliens: Fireteam Elite,"['Action', 'Shooter', 'Tactical', 'Third-Person']",Cold Iron Studios,67,6.1,"2202. A mysterious distress call reroutes your Marine Assault Unit to LV-895 in the outer colonies, where deadly Xenomorph legions, hidden corporate secrets, and ancient alien ruins await your arrival. Set in the iconic Alien universe, Aliens: Fireteam is a cooperative third-person survival shooter that drops your fireteam of hardened marines into a desperate fight to contain the Xenomorph threat."
PlayStation 5,"Apr  6, 2021",Oddworld: Soulstorm,"['Action Adventure', 'General']",Oddworld Inhabitants,66,6.4,"In Oddworld: Soulstorm, you pick-up where New 'N' Tasty left off. Abe has undergone an unwanted transformation from being a clueless Mudokon cog, literally about to be chewed up by the Glukkons' big business machine, into an unlikely hero, a beacon of hope. "
PlayStation 5,"Nov 12, 2020",Watch Dogs: Legion,"['Action Adventure', 'Open-World']",Ubisoft,66,5.4,"In the near future, London is facing its downfall: the people are being oppressed by an all-seeing surveillance state, a corrupt private military corporation controls the streets, and a powerful crime syndicate is preying on the vulnerable. The fate of London lies with you, and your ability to recruit a resistance and fight back."
PlayStation 5,"Oct  5, 2021",Nickelodeon All-Star Brawl,"['2D', 'Action', 'Fighting', 'Miscellaneous', 'Party / Minigame']",GameMill Entertainment,65,5.7,"THE ALL-STAR BRAWL BEGINS!"
PlayStation 5,"Oct 28, 2021",Fatal Frame: Maiden of Black Water,"['Action Adventure', 'Survival']",Koei Tecmo Games,63,7.1,"The Fatal Frame series lives again.  (Also know as Project Zero...) Fatal Frame: Maiden of Black Water is comprised of three interconnected stories that converge to uncover the truth behind a recent string of tragic deaths in a forest marred by a history of suicides. As one of three people with the power of the Camera Obscura and the ability to see the shadows of those spirited away, youll explore the ruins of an eerie inn, a shrine filled with life-size dolls, and a lake full of dead priestesses. Each shadowy location is connected by a stream of water flowing throughout the mountain, and this once holy water is tied to the darkest mystery of allthe history of death and darkness on Mt. Hikami."
PlayStation 5,"Nov 12, 2021",Battlefield 2042,"['Action', 'First-Person', 'Shooter', 'Tactical']",Electronic Arts,63,2.6,"Battlefield 2042 marks the return to the iconic all-out warfare of the franchise. Adapt and overcome dynamically-changing battlegrounds with the help of your squad and a cutting-edge arsenal. With support for 128 players*, prepare for unprecedented scale on vast environments. Take on massive experiences, from updated multiplayer modes like Conquest and Breakthrough to the all-new Hazard Zone."
PlayStation 5,"Aug 19, 2021",Recompile,"['Action Adventure', 'Open-World']",Phigames,56,tbd,"3D sci-fi Metroidvania Recompile features intense combat, tight platforming, super-powered abilities and a unique environmental hacking system. Many obstacles, right down to foes, can be manipulated and bypassed. The story explores many themes from machine sentience to the nature of reality. The player, a rogue program of semi-sentient code, finds themselves trapped in The Mainframe - a sprawling digital wasteland dead-set on deleting trespassers."
PlayStation 5,"Jun  1, 2021",Necromunda: Hired Gun,"['Action', 'Arcade', 'First-Person', 'Shooter', 'Strategy', 'Tactics', 'Turn-Based']",Focus Home Interactive,56,5.8,"The Hunter’s Bounty pack, available with all pre-orders of Necromunda: Hired Gun! Take down marks in style, with a unique knife, stub gun, and outfit skin, as well as a new look for your mastiff’s toy. This product entitles you to download both the digital PS4™ version and the digital PS5™ version of this game. Navigate an ocean of crime and corruption to balance the bloody ecosystem of Necromunda as a merciless hired gun. The money’s good, the dog’s loyal, and the gun’s reliable – but can you survive the hunt? Necromunda: Hired Gun is an indie fast-paced, violent, and thrilling FPS set in the darkest reaches of Warhammer 40,000’s most infamous hive city."
PlayStation 5,"Nov 11, 2021",Grand Theft Auto: The Trilogy - The Definitive Edition,"['Compilation', 'Miscellaneous']",Rockstar Games,54,0.9,"Three iconic cities, three epic stories. Play the genre-defining classics of the original Grand Theft Auto Trilogy: Grand Theft Auto III, Grand Theft Auto: Vice City and Grand Theft Auto: San Andreas updated for a new generation, now with across-the-board enhancements including brilliant new lighting and environmental upgrades, high-resolution textures, increased draw distances, Grand Theft Auto V-style controls and targeting, and much more, bringing these beloved worlds to life with all new levels of detail."
PlayStation 5,"Mar  3, 2022",Babylon's Fall,"['Action Adventure', 'Action RPG', 'General', 'Role-Playing']",Square Enix,40,2.2,"Experience acclaimed developer PlatinumGames' signature combat in BABYLON’S FALL with up to 3 other players or take on the Tower of Babel alone, in this new cooperative action RPG. After the Babylonians perished, only their great tower “The Ziggurat” remained. Now a new Empire has come to pillage its ruins and uncover its fabled treasures. Join forces with other Sentinels, unwilling subjects forcibly implanted with Gideon Coffin, relics that grant the few survivors unrivalled powers. Ascend to greatness as you climb the looming Tower of Babel and uncover its fabled treasures. Only by mastering the powers of your Gideon Coffin, will you unlock your true potential and become strong enough to survive the summit and uncover the secrets that await. Pre-order BABYLON'S FALL to obtain a unique customization for your character, The Empress' Insignia. Show off to other Sentinels that you were one of the first to obtain a Gideon Coffin and become a Sentinel. "
